rule,weight,rule_set,feature,min_patients,model,balanced_accuracy
['Plasma_CENTER'] -> ['SMV_NEIGHBOR'] attracts,5.675610601054333,"Attraction, pairwise",share of FOVs,0.3,Lasso logistic regression,82.4
['Plasma_CD38_CENTER'] -> ['Fibroblast_NEIGHBOR'] attracts,5.226063395105217,"Attraction, pairwise",share of FOVs,0.3,Lasso logistic regression,82.4
['Paneth_CENTER'] -> ['Paneth_NEIGHBOR'] attracts,5.025023813668528,"Attraction, pairwise",share of FOVs,0.3,Lasso logistic regression,82.4
['Fibroblast_CENTER'] -> ['Macrophage_NEIGHBOR'] attracts,-4.556182307808944,"Attraction, pairwise",share of FOVs,0.3,Lasso logistic regression,82.4
['Goblet_CENTER'] -> ['Goblet_NEIGHBOR'] attracts,-4.231223010167163,"Attraction, pairwise",share of FOVs,0.3,Lasso logistic regression,82.4
['Plasma_CENTER'] -> ['Plasma_CD38_NEIGHBOR'] attracts,-4.0842873985079,"Attraction, pairwise",share of FOVs,0.3,Lasso logistic regression,82.4
['Plasma_CENTER'] -> ['Macrophage_NEIGHBOR'] attracts,-3.9266685218686606,"Attraction, pairwise",share of FOVs,0.3,Lasso logistic regression,82.4
['Macrophage_CENTER'] -> ['Macrophage_NEIGHBOR'] attracts,3.860432678188333,"Attraction, pairwise",share of FOVs,0.3,Lasso logistic regression,82.4
['SMV_CENTER'] -> ['Macrophage_NEIGHBOR'] attracts,3.7600211384972617,"Attraction, pairwise",share of FOVs,0.3,Lasso logistic regression,82.4
['Muscle_CENTER'] -> ['Muscle_NEIGHBOR'] attracts,-3.663887978838467,"Attraction, pairwise",share of FOVs,0.3,Lasso logistic regression,82.4
['Neuron_CENTER'] -> ['SMV_NEIGHBOR'] attracts,3.6567207453513135,"Attraction, pairwise",share of FOVs,0.3,Lasso logistic regression,82.4
['SMV_CENTER'] -> ['SMV_NEIGHBOR'] attracts,3.643750765375769,"Attraction, pairwise",share of FOVs,0.3,Lasso logistic regression,82.4
['Macrophage_CENTER'] -> ['Fibroblast_NEIGHBOR'] attracts,-3.2551956559083752,"Attraction, pairwise",share of FOVs,0.3,Lasso logistic regression,82.4
['Goblet_CENTER'] -> ['Epithelial_NEIGHBOR'] attracts,3.026527401153714,"Attraction, pairwise",share of FOVs,0.3,Lasso logistic regression,82.4
['Endocrine_CENTER'] -> ['Epithelial_NEIGHBOR'] attracts,3.0265235977652405,"Attraction, pairwise",share of FOVs,0.3,Lasso logistic regression,82.4
['SMV_CENTER'] -> ['Fibroblast_NEIGHBOR'] attracts,2.3976200401675767,"Attraction, pairwise",share of FOVs,0.3,Lasso logistic regression,82.4
['Plasma_CENTER'] -> ['Plasma_NEIGHBOR'] attracts,2.3406579188877306,"Attraction, pairwise",share of FOVs,0.3,Lasso logistic regression,82.4
['CD4T_CENTER'] -> ['SMV_NEIGHBOR'] attracts,-2.2189073622489617,"Attraction, pairwise",share of FOVs,0.3,Lasso logistic regression,82.4
['Neuron_CENTER'] -> ['Fibroblast_NEIGHBOR'] attracts,-1.9676171669839069,"Attraction, pairwise",share of FOVs,0.3,Lasso logistic regression,82.4
['Plasma_CENTER'] -> ['Fibroblast_NEIGHBOR'] attracts,1.8053776077237451,"Attraction, pairwise",share of FOVs,0.3,Lasso logistic regression,82.4
['Endothelial_CENTER'] -> ['SMV_NEIGHBOR'] attracts,1.4990201110089505,"Attraction, pairwise",share of FOVs,0.3,Lasso logistic regression,82.4
['Fibroblast_CENTER'] -> ['SMV_NEIGHBOR'] attracts,-1.4673915836067615,"Attraction, pairwise",share of FOVs,0.3,Lasso logistic regression,82.4
['Macrophage_CENTER'] -> ['Plasma_NEIGHBOR'] attracts,1.3959087740709597,"Attraction, pairwise",share of FOVs,0.3,Lasso logistic regression,82.4
['Fibroblast_CENTER'] -> ['Fibroblast_NEIGHBOR'] attracts,1.3653168217156566,"Attraction, pairwise",share of FOVs,0.3,Lasso logistic regression,82.4
['Plasma_CD38_CENTER'] -> ['Plasma_CD38_NEIGHBOR'] attracts,-1.194873810677645,"Attraction, pairwise",share of FOVs,0.3,Lasso logistic regression,82.4
['Paneth_CENTER'] -> ['Epithelial_NEIGHBOR'] attracts,0.662507815372964,"Attraction, pairwise",share of FOVs,0.3,Lasso logistic regression,82.4
['SMV_CENTER'] -> ['Endothelial_NEIGHBOR'] attracts,-0.5727692332779846,"Attraction, pairwise",share of FOVs,0.3,Lasso logistic regression,82.4
['Epithelial_CENTER'] -> ['Goblet_NEIGHBOR'] attracts,0.502081080031302,"Attraction, pairwise",share of FOVs,0.3,Lasso logistic regression,82.4
['Macrophage_CENTER'] -> ['SMV_NEIGHBOR'] attracts,-0.4385654794410944,"Attraction, pairwise",share of FOVs,0.3,Lasso logistic regression,82.4
['Plasma_CD38_CENTER'] -> ['Plasma_NEIGHBOR'] attracts,0.2501905790998535,"Attraction, pairwise",share of FOVs,0.3,Lasso logistic regression,82.4
['Neuron_CENTER'] -> ['Macrophage_NEIGHBOR'] attracts,0.24575245062702722,"Attraction, pairwise",share of FOVs,0.3,Lasso logistic regression,82.4
['Plasma_CD38_CENTER'] -> ['Macrophage_NEIGHBOR'] attracts,-0.23613186887721682,"Attraction, pairwise",share of FOVs,0.3,Lasso logistic regression,82.4
